filename,subject_id,identifier
output_dir1\synthetic_dataset\result\datasets\my_synthetic_dataset\repertoires\rep_0.npy,rep_0,6ba27a8a8e8b4972bdeaca9046632d79
output_dir1\synthetic_dataset\result\datasets\my_synthetic_dataset\repertoires\rep_1.npy,rep_1,dea0637875df473488654112526653a8
output_dir1\synthetic_dataset\result\datasets\my_synthetic_dataset\repertoires\rep_2.npy,rep_2,f7fea15744224ea7a70bf338e831591e
output_dir1\synthetic_dataset\result\datasets\my_synthetic_dataset\repertoires\rep_3.npy,rep_3,820492eff55843e1a9c6d4810b161edb
output_dir1\synthetic_dataset\result\datasets\my_synthetic_dataset\repertoires\rep_4.npy,rep_4,30c4003a00e04bf3932b6a27012be197
output_dir1\synthetic_dataset\result\datasets\my_synthetic_dataset\repertoires\rep_5.npy,rep_5,090b7b406a454411b18bdb522b734084
output_dir1\synthetic_dataset\result\datasets\my_synthetic_dataset\repertoires\rep_6.npy,rep_6,bff77080d0e6462e88618a2676608074
output_dir1\synthetic_dataset\result\datasets\my_synthetic_dataset\repertoires\rep_7.npy,rep_7,5b4d889839f448d193238706239411ad
output_dir1\synthetic_dataset\result\datasets\my_synthetic_dataset\repertoires\rep_8.npy,rep_8,dd4b2b1ff68149b9ada7e39970282d94
output_dir1\synthetic_dataset\result\datasets\my_synthetic_dataset\repertoires\rep_9.npy,rep_9,1fca816ce4014d04b0750911f585f42e
output_dir1\synthetic_dataset\result\datasets\my_synthetic_dataset\repertoires\rep_10.npy,rep_10,edcf35182ac649068caff49c8fb71d64
output_dir1\synthetic_dataset\result\datasets\my_synthetic_dataset\repertoires\rep_11.npy,rep_11,61d3513f66af487191cc2dd0fb894cbc
output_dir1\synthetic_dataset\result\datasets\my_synthetic_dataset\repertoires\rep_12.npy,rep_12,dd6ff05be08d4fdeabd5dfbe81487e29
output_dir1\synthetic_dataset\result\datasets\my_synthetic_dataset\repertoires\rep_13.npy,rep_13,670f7a95786d40daab093309c03747c5
output_dir1\synthetic_dataset\result\datasets\my_synthetic_dataset\repertoires\rep_14.npy,rep_14,afe85c7894cb480781e14cdb79e23b20
output_dir1\synthetic_dataset\result\datasets\my_synthetic_dataset\repertoires\rep_15.npy,rep_15,8d2e449ae1bd43f9a01c3049f5ebf90d
output_dir1\synthetic_dataset\result\datasets\my_synthetic_dataset\repertoires\rep_16.npy,rep_16,bdd47ce3c3624cb19944cc558d0a8e45
output_dir1\synthetic_dataset\result\datasets\my_synthetic_dataset\repertoires\rep_17.npy,rep_17,8bc4bf22149b47b4b3cbff2fafc91870
output_dir1\synthetic_dataset\result\datasets\my_synthetic_dataset\repertoires\rep_18.npy,rep_18,0891058285b844fb8a8f7dd02d1978a6
output_dir1\synthetic_dataset\result\datasets\my_synthetic_dataset\repertoires\rep_19.npy,rep_19,a3bc25afc2264731b4d997d2a8416453
output_dir1\synthetic_dataset\result\datasets\my_synthetic_dataset\repertoires\rep_20.npy,rep_20,d394b069cf4c4f9cb4f6cffbc8d05c2c
output_dir1\synthetic_dataset\result\datasets\my_synthetic_dataset\repertoires\rep_21.npy,rep_21,d651a7401d5745a6b7687ec524b3249f
output_dir1\synthetic_dataset\result\datasets\my_synthetic_dataset\repertoires\rep_22.npy,rep_22,8be79dadc9a24ed09ef4f40a5a81f920
output_dir1\synthetic_dataset\result\datasets\my_synthetic_dataset\repertoires\rep_23.npy,rep_23,118a16c881644d998daa13257e948e6c
output_dir1\synthetic_dataset\result\datasets\my_synthetic_dataset\repertoires\rep_24.npy,rep_24,c96a29b591c348388f71982fb05e1935
output_dir1\synthetic_dataset\result\datasets\my_synthetic_dataset\repertoires\rep_25.npy,rep_25,905f4e5d1f5543b5b758788d87f4e2c5
output_dir1\synthetic_dataset\result\datasets\my_synthetic_dataset\repertoires\rep_26.npy,rep_26,9094325f0b1647a88050c1923d1e81fe
output_dir1\synthetic_dataset\result\datasets\my_synthetic_dataset\repertoires\rep_27.npy,rep_27,9ea4059426364f7489e4cb309ce53c15
output_dir1\synthetic_dataset\result\datasets\my_synthetic_dataset\repertoires\rep_28.npy,rep_28,180b923ffafc4b37b66550bbbbf2d623
output_dir1\synthetic_dataset\result\datasets\my_synthetic_dataset\repertoires\rep_29.npy,rep_29,7df1cdd59f4141a7a5a1a6be5777122b
output_dir1\synthetic_dataset\result\datasets\my_synthetic_dataset\repertoires\rep_30.npy,rep_30,e0d0779f5db947df82a8803daa042195
output_dir1\synthetic_dataset\result\datasets\my_synthetic_dataset\repertoires\rep_31.npy,rep_31,b8343e309280475cae4c03717a548145
output_dir1\synthetic_dataset\result\datasets\my_synthetic_dataset\repertoires\rep_32.npy,rep_32,1153e5a0921542ad832fc9114b13ab9c
output_dir1\synthetic_dataset\result\datasets\my_synthetic_dataset\repertoires\rep_33.npy,rep_33,ca3c8ef116574e4aae32db0edd7a3812
output_dir1\synthetic_dataset\result\datasets\my_synthetic_dataset\repertoires\rep_34.npy,rep_34,338badf893534164a4573905dcc50087
output_dir1\synthetic_dataset\result\datasets\my_synthetic_dataset\repertoires\rep_35.npy,rep_35,e28a55a5872d415c8e300c33142405df
output_dir1\synthetic_dataset\result\datasets\my_synthetic_dataset\repertoires\rep_36.npy,rep_36,ea4f3f37aad14e50be29ae26d9944106
output_dir1\synthetic_dataset\result\datasets\my_synthetic_dataset\repertoires\rep_37.npy,rep_37,4d1be75c0a6f4317bbf960b8d31f8081
output_dir1\synthetic_dataset\result\datasets\my_synthetic_dataset\repertoires\rep_38.npy,rep_38,f479854d21d74039b5963cf9e1dc9430
output_dir1\synthetic_dataset\result\datasets\my_synthetic_dataset\repertoires\rep_39.npy,rep_39,5029c2ddb46942028eabe659c18139c9
output_dir1\synthetic_dataset\result\datasets\my_synthetic_dataset\repertoires\rep_40.npy,rep_40,511140f4177a499da7a3f78aeb061f85
output_dir1\synthetic_dataset\result\datasets\my_synthetic_dataset\repertoires\rep_41.npy,rep_41,90add010703643df97134e0da42ff422
output_dir1\synthetic_dataset\result\datasets\my_synthetic_dataset\repertoires\rep_42.npy,rep_42,e0984dc02c194563bf34c0678f48a85b
output_dir1\synthetic_dataset\result\datasets\my_synthetic_dataset\repertoires\rep_43.npy,rep_43,cd6e0b86ff1e4f53b8d63a7fe3b2e012
output_dir1\synthetic_dataset\result\datasets\my_synthetic_dataset\repertoires\rep_44.npy,rep_44,de7f67aa65d24a47828f4fa046b60b9c
output_dir1\synthetic_dataset\result\datasets\my_synthetic_dataset\repertoires\rep_45.npy,rep_45,8c7bc21c59e14d9a9f4fac9dab43ad93
output_dir1\synthetic_dataset\result\datasets\my_synthetic_dataset\repertoires\rep_46.npy,rep_46,44bac6c8e1e846ce874cbb237c3c783c
output_dir1\synthetic_dataset\result\datasets\my_synthetic_dataset\repertoires\rep_47.npy,rep_47,fa5f304716b8426988106df2b14684a6
output_dir1\synthetic_dataset\result\datasets\my_synthetic_dataset\repertoires\rep_48.npy,rep_48,a4f4fea811f74a2a8f35eb501508f313
output_dir1\synthetic_dataset\result\datasets\my_synthetic_dataset\repertoires\rep_49.npy,rep_49,32b805404c4d4f1b9e7b0313bde77071
output_dir1\synthetic_dataset\result\datasets\my_synthetic_dataset\repertoires\rep_50.npy,rep_50,fb1804ac7a8f47089de2b83361e13836
output_dir1\synthetic_dataset\result\datasets\my_synthetic_dataset\repertoires\rep_51.npy,rep_51,dd0764097444418491a8f06c0460e3b3
output_dir1\synthetic_dataset\result\datasets\my_synthetic_dataset\repertoires\rep_52.npy,rep_52,2e830292d3e9406db086c869e103a364
output_dir1\synthetic_dataset\result\datasets\my_synthetic_dataset\repertoires\rep_53.npy,rep_53,2179d00d580e4949a717c07aa72829cf
output_dir1\synthetic_dataset\result\datasets\my_synthetic_dataset\repertoires\rep_54.npy,rep_54,f772ecbf9cee457ca90de13b02f6e49e
output_dir1\synthetic_dataset\result\datasets\my_synthetic_dataset\repertoires\rep_55.npy,rep_55,84103c43717f4a53b2bbdc37f2304c71
output_dir1\synthetic_dataset\result\datasets\my_synthetic_dataset\repertoires\rep_56.npy,rep_56,9b05eddd626e48bc9fa1da8c54852660
output_dir1\synthetic_dataset\result\datasets\my_synthetic_dataset\repertoires\rep_57.npy,rep_57,79eeccd05c9c485fad05de328ccc9f02
output_dir1\synthetic_dataset\result\datasets\my_synthetic_dataset\repertoires\rep_58.npy,rep_58,8062f5eeb02841cc8bdfeaf4e3eaa174
output_dir1\synthetic_dataset\result\datasets\my_synthetic_dataset\repertoires\rep_59.npy,rep_59,d2a13a86f5174353bd0b7500d30d24a9
output_dir1\synthetic_dataset\result\datasets\my_synthetic_dataset\repertoires\rep_60.npy,rep_60,89ceb5cbcf574e439c7d307840bbaa6a
output_dir1\synthetic_dataset\result\datasets\my_synthetic_dataset\repertoires\rep_61.npy,rep_61,7d7613cd0dde4ba48b03173ad05b9dfb
output_dir1\synthetic_dataset\result\datasets\my_synthetic_dataset\repertoires\rep_62.npy,rep_62,689e5f9e425640d29c1d5fd917897ae1
output_dir1\synthetic_dataset\result\datasets\my_synthetic_dataset\repertoires\rep_63.npy,rep_63,d51f6f382d3249eea251daddd387f126
output_dir1\synthetic_dataset\result\datasets\my_synthetic_dataset\repertoires\rep_64.npy,rep_64,745168a51495433fb9dd7c94b6560b01
output_dir1\synthetic_dataset\result\datasets\my_synthetic_dataset\repertoires\rep_65.npy,rep_65,fd553d2ad65448d28146b12534dc5c34
output_dir1\synthetic_dataset\result\datasets\my_synthetic_dataset\repertoires\rep_66.npy,rep_66,3562a5cc76774f9aabcd0d2945ff5a5a
output_dir1\synthetic_dataset\result\datasets\my_synthetic_dataset\repertoires\rep_67.npy,rep_67,e9ec4500ea5242b4871ab1d85bc8e20b
output_dir1\synthetic_dataset\result\datasets\my_synthetic_dataset\repertoires\rep_68.npy,rep_68,602d26e701334791b3385a4e12b02172
output_dir1\synthetic_dataset\result\datasets\my_synthetic_dataset\repertoires\rep_69.npy,rep_69,5e7a4c0a153c4d6db5bd4b6cdeed6236
output_dir1\synthetic_dataset\result\datasets\my_synthetic_dataset\repertoires\rep_70.npy,rep_70,1591d5bc6c4e4aadb114d728650f9495
output_dir1\synthetic_dataset\result\datasets\my_synthetic_dataset\repertoires\rep_71.npy,rep_71,43d6ac112f694ee086e4f7478d9f0900
output_dir1\synthetic_dataset\result\datasets\my_synthetic_dataset\repertoires\rep_72.npy,rep_72,42216e33633f48e79b5f2eccfc92f618
output_dir1\synthetic_dataset\result\datasets\my_synthetic_dataset\repertoires\rep_73.npy,rep_73,7879a8d89db141e5a8ab546d3eeced13
output_dir1\synthetic_dataset\result\datasets\my_synthetic_dataset\repertoires\rep_74.npy,rep_74,414815bff5954237988b8c715649129a
output_dir1\synthetic_dataset\result\datasets\my_synthetic_dataset\repertoires\rep_75.npy,rep_75,db304d35337e4c4ea52ebc76dd0bc08b
output_dir1\synthetic_dataset\result\datasets\my_synthetic_dataset\repertoires\rep_76.npy,rep_76,4823ef0d10694bcf84187e90725e9953
output_dir1\synthetic_dataset\result\datasets\my_synthetic_dataset\repertoires\rep_77.npy,rep_77,7a5b92365838444ab04ceec435bb01c3
output_dir1\synthetic_dataset\result\datasets\my_synthetic_dataset\repertoires\rep_78.npy,rep_78,1e692eff37c14021827c44a0c0a6161f
output_dir1\synthetic_dataset\result\datasets\my_synthetic_dataset\repertoires\rep_79.npy,rep_79,79cc7b62309a457b871ed86b0d8a4a51
output_dir1\synthetic_dataset\result\datasets\my_synthetic_dataset\repertoires\rep_80.npy,rep_80,4986c14144f14c66a12cd68ceaed89db
output_dir1\synthetic_dataset\result\datasets\my_synthetic_dataset\repertoires\rep_81.npy,rep_81,4d42a57fdb3d4190ba9f22b2ddf13629
output_dir1\synthetic_dataset\result\datasets\my_synthetic_dataset\repertoires\rep_82.npy,rep_82,68ac4d61aef44da7b3caab9612e47ec0
output_dir1\synthetic_dataset\result\datasets\my_synthetic_dataset\repertoires\rep_83.npy,rep_83,0bfe738d0c3249d0808895460327daf2
output_dir1\synthetic_dataset\result\datasets\my_synthetic_dataset\repertoires\rep_84.npy,rep_84,719c59da4d594875addea18dd3d51b5c
output_dir1\synthetic_dataset\result\datasets\my_synthetic_dataset\repertoires\rep_85.npy,rep_85,bf0050d5b62c43aba3d96fb79c69e176
output_dir1\synthetic_dataset\result\datasets\my_synthetic_dataset\repertoires\rep_86.npy,rep_86,f93de1d7744844b18eca380a755c1464
output_dir1\synthetic_dataset\result\datasets\my_synthetic_dataset\repertoires\rep_87.npy,rep_87,abe251717558471e8c48de56be1f9894
output_dir1\synthetic_dataset\result\datasets\my_synthetic_dataset\repertoires\rep_88.npy,rep_88,012516828fe94ce2b92ab25b7b0db7a3
output_dir1\synthetic_dataset\result\datasets\my_synthetic_dataset\repertoires\rep_89.npy,rep_89,8845c47dfadb415399a2172c3d010ffc
output_dir1\synthetic_dataset\result\datasets\my_synthetic_dataset\repertoires\rep_90.npy,rep_90,a4d081e59de144eb9ea1dbcb60bb544c
output_dir1\synthetic_dataset\result\datasets\my_synthetic_dataset\repertoires\rep_91.npy,rep_91,96a04ae3a65747ae8f79fca68c8184d0
output_dir1\synthetic_dataset\result\datasets\my_synthetic_dataset\repertoires\rep_92.npy,rep_92,9c55c14146aa44bba293f180eeee79c7
output_dir1\synthetic_dataset\result\datasets\my_synthetic_dataset\repertoires\rep_93.npy,rep_93,413b37ab6fb24271b82d90bce9c1875d
output_dir1\synthetic_dataset\result\datasets\my_synthetic_dataset\repertoires\rep_94.npy,rep_94,fd49ce19e2c54577819e1279362dbef0
output_dir1\synthetic_dataset\result\datasets\my_synthetic_dataset\repertoires\rep_95.npy,rep_95,3ff5f25ae1574e1cab077c195e369c6f
output_dir1\synthetic_dataset\result\datasets\my_synthetic_dataset\repertoires\rep_96.npy,rep_96,c1be1f90f4774ee1a89cf798b5042ba5
output_dir1\synthetic_dataset\result\datasets\my_synthetic_dataset\repertoires\rep_97.npy,rep_97,38fe7765fbbc4493b2398315afa94024
output_dir1\synthetic_dataset\result\datasets\my_synthetic_dataset\repertoires\rep_98.npy,rep_98,9d650b93dbb6487fbcee7bbf74d98a9e
output_dir1\synthetic_dataset\result\datasets\my_synthetic_dataset\repertoires\rep_99.npy,rep_99,834406e573ca4df6bdf78c1d7db105e6
