my_signal,subject_id,identifier,filename
True,rep_0,db5692335878412aaf4101f032ab5ad2,repertoires\db5692335878412aaf4101f032ab5ad2.tsv
True,rep_1,5e99bfa08fa8420f8e74799411db0412,repertoires\5e99bfa08fa8420f8e74799411db0412.tsv
True,rep_2,5cc98ccfdb534c4a87b6bf7a8e0c6b91,repertoires\5cc98ccfdb534c4a87b6bf7a8e0c6b91.tsv
True,rep_3,d500763518ee441cacfedc45a3c50078,repertoires\d500763518ee441cacfedc45a3c50078.tsv
True,rep_4,37c963b40e2349bbaed9371021319042,repertoires\37c963b40e2349bbaed9371021319042.tsv
True,rep_5,b26405b341e54ac89ae6c90159ee5091,repertoires\b26405b341e54ac89ae6c90159ee5091.tsv
True,rep_6,7061155c5fcb4ddfaf151b410d978971,repertoires\7061155c5fcb4ddfaf151b410d978971.tsv
True,rep_7,741c9519c70d4b2c8f29bc15c5e63fb2,repertoires\741c9519c70d4b2c8f29bc15c5e63fb2.tsv
True,rep_8,7963eb152db54c5c8dfdf8656b00ea56,repertoires\7963eb152db54c5c8dfdf8656b00ea56.tsv
True,rep_9,1d35563d0ac844af96713d2ff6d320de,repertoires\1d35563d0ac844af96713d2ff6d320de.tsv
True,rep_10,2124c5f76ca94ee184db00f06a7bfe44,repertoires\2124c5f76ca94ee184db00f06a7bfe44.tsv
True,rep_11,419f312fa09a4244adc70a757c35469d,repertoires\419f312fa09a4244adc70a757c35469d.tsv
True,rep_12,964e57ba604141a29c82bf6b01e96cf7,repertoires\964e57ba604141a29c82bf6b01e96cf7.tsv
True,rep_13,049bcc042cc7498fa6b63071b73e4ee6,repertoires\049bcc042cc7498fa6b63071b73e4ee6.tsv
True,rep_14,faeaf012c03e4011a7393f1db0f2492d,repertoires\faeaf012c03e4011a7393f1db0f2492d.tsv
True,rep_15,2adcc5ae0bce49d78b6a090fe3fb89af,repertoires\2adcc5ae0bce49d78b6a090fe3fb89af.tsv
True,rep_16,ae76468425ff4b319e748275234d04bb,repertoires\ae76468425ff4b319e748275234d04bb.tsv
True,rep_17,b03ffe83e3a54fb7836abf137e64335e,repertoires\b03ffe83e3a54fb7836abf137e64335e.tsv
True,rep_18,241e4066e3104e199a60289ab62bcaaa,repertoires\241e4066e3104e199a60289ab62bcaaa.tsv
True,rep_19,6eb2f486e5e74a79aaeb99aa025aa19e,repertoires\6eb2f486e5e74a79aaeb99aa025aa19e.tsv
True,rep_20,267f080273924eb099a61b01f0578cc9,repertoires\267f080273924eb099a61b01f0578cc9.tsv
True,rep_21,eff9190ec6414e1a9a8115727d4fd4aa,repertoires\eff9190ec6414e1a9a8115727d4fd4aa.tsv
True,rep_22,38a84315b56e44849b9aa41dccc40839,repertoires\38a84315b56e44849b9aa41dccc40839.tsv
True,rep_23,f5143fc6e1324d759b903de6dd51feca,repertoires\f5143fc6e1324d759b903de6dd51feca.tsv
True,rep_24,8784395ad579416a876202167652b483,repertoires\8784395ad579416a876202167652b483.tsv
True,rep_25,17620d8c5aea4d299ed3a07ed9f69e7a,repertoires\17620d8c5aea4d299ed3a07ed9f69e7a.tsv
True,rep_26,e6157b3e3ef845c08a191e77901bf5f6,repertoires\e6157b3e3ef845c08a191e77901bf5f6.tsv
True,rep_27,2f0fbedfee1d4091971587fe234fd60e,repertoires\2f0fbedfee1d4091971587fe234fd60e.tsv
True,rep_28,6a401633a0014782a4fad9594d2d9493,repertoires\6a401633a0014782a4fad9594d2d9493.tsv
True,rep_29,4840c2f017604c89924c2c2dfa24a462,repertoires\4840c2f017604c89924c2c2dfa24a462.tsv
True,rep_30,45ab190f2ea04aba8fb7c89813550a11,repertoires\45ab190f2ea04aba8fb7c89813550a11.tsv
True,rep_31,dac0dbd63ff34b61b790e5b51d628e7a,repertoires\dac0dbd63ff34b61b790e5b51d628e7a.tsv
True,rep_32,c93df1b79daf46b3a250cef66758c41d,repertoires\c93df1b79daf46b3a250cef66758c41d.tsv
True,rep_33,2293f73db8eb4ce6af2b30700f7ea87a,repertoires\2293f73db8eb4ce6af2b30700f7ea87a.tsv
True,rep_34,9c27b6a406dc48419973d647be60597b,repertoires\9c27b6a406dc48419973d647be60597b.tsv
True,rep_35,ed03757c7bd24679b9108020ad073d11,repertoires\ed03757c7bd24679b9108020ad073d11.tsv
True,rep_36,d0cfd05d7eec4eed9ccaef08ef590b67,repertoires\d0cfd05d7eec4eed9ccaef08ef590b67.tsv
True,rep_37,2efb57f9bef241d4b37fdb4ea0ee5b1f,repertoires\2efb57f9bef241d4b37fdb4ea0ee5b1f.tsv
True,rep_38,e6bad1afc7da43cca4523402ad21a42b,repertoires\e6bad1afc7da43cca4523402ad21a42b.tsv
True,rep_39,3aa25d2a3517466b96be3a504d300081,repertoires\3aa25d2a3517466b96be3a504d300081.tsv
True,rep_40,922e528fdeda43959029b03659da45de,repertoires\922e528fdeda43959029b03659da45de.tsv
True,rep_41,cf2dbf23b4574a46ac35a1177b054df9,repertoires\cf2dbf23b4574a46ac35a1177b054df9.tsv
True,rep_42,8590e03002104cc39fae2f959bfaff04,repertoires\8590e03002104cc39fae2f959bfaff04.tsv
True,rep_43,4136d3513e9c4bf18924a8d90e25bdc7,repertoires\4136d3513e9c4bf18924a8d90e25bdc7.tsv
True,rep_44,e119f9eb0fde4b94a55623867b845b33,repertoires\e119f9eb0fde4b94a55623867b845b33.tsv
True,rep_45,eb6b15e96b4942b59dfb6b7be7f4d124,repertoires\eb6b15e96b4942b59dfb6b7be7f4d124.tsv
True,rep_46,4d326db252074f04bee61826c047c866,repertoires\4d326db252074f04bee61826c047c866.tsv
True,rep_47,d45aaf2142414ae8a0c841411bac13ed,repertoires\d45aaf2142414ae8a0c841411bac13ed.tsv
True,rep_48,65b8da1cf315456080fa46aec70058d0,repertoires\65b8da1cf315456080fa46aec70058d0.tsv
True,rep_49,c1fa9844b85c440b8dd2dd9fb3cd8646,repertoires\c1fa9844b85c440b8dd2dd9fb3cd8646.tsv
False,rep_50,6246cbeb9c5949b7877eaa870a607174,repertoires\6246cbeb9c5949b7877eaa870a607174.tsv
False,rep_51,33da199c016d411a82b64af84bf13c72,repertoires\33da199c016d411a82b64af84bf13c72.tsv
False,rep_52,6bffe15659eb4e50ba9ca6f0edec60de,repertoires\6bffe15659eb4e50ba9ca6f0edec60de.tsv
False,rep_53,ade96f0bedbc4c5d8938cb8f7d9e7c66,repertoires\ade96f0bedbc4c5d8938cb8f7d9e7c66.tsv
False,rep_54,c2d61584dd4d45b4b154f24a7a4d1041,repertoires\c2d61584dd4d45b4b154f24a7a4d1041.tsv
False,rep_55,27e86a47fe5a45cb88b615d94e641a31,repertoires\27e86a47fe5a45cb88b615d94e641a31.tsv
False,rep_56,76e3c3bedb2b4511b04562993940627e,repertoires\76e3c3bedb2b4511b04562993940627e.tsv
False,rep_57,6737120f96b74b79a29c7ed105f066e3,repertoires\6737120f96b74b79a29c7ed105f066e3.tsv
False,rep_58,7c7a0f3ccd254ea4b1ab23b5ebc29c9a,repertoires\7c7a0f3ccd254ea4b1ab23b5ebc29c9a.tsv
False,rep_59,ee645ab63b8a4f83a332626a238ca221,repertoires\ee645ab63b8a4f83a332626a238ca221.tsv
False,rep_60,596cfc24a4c14da3938ba5400b51cefc,repertoires\596cfc24a4c14da3938ba5400b51cefc.tsv
False,rep_61,05d1100e038a4d7bb6ba56bec4925a6e,repertoires\05d1100e038a4d7bb6ba56bec4925a6e.tsv
False,rep_62,3af28e8082ce49a891232ac25b1f67f9,repertoires\3af28e8082ce49a891232ac25b1f67f9.tsv
False,rep_63,74f2aa7d65464ed4a9acaa85aef91fa7,repertoires\74f2aa7d65464ed4a9acaa85aef91fa7.tsv
False,rep_64,e3810ee676ad46f1986445d5da3bd3d7,repertoires\e3810ee676ad46f1986445d5da3bd3d7.tsv
False,rep_65,f30a94f33a7847fda654e4a88003a8d7,repertoires\f30a94f33a7847fda654e4a88003a8d7.tsv
False,rep_66,c427bf475cd14c8eac519f1a0d3f7d4a,repertoires\c427bf475cd14c8eac519f1a0d3f7d4a.tsv
False,rep_67,17790f2c691947ef9ab9697a12fd4dad,repertoires\17790f2c691947ef9ab9697a12fd4dad.tsv
False,rep_68,aa9f1218006a4ad480c21f702e3b5d84,repertoires\aa9f1218006a4ad480c21f702e3b5d84.tsv
False,rep_69,91f0f482e4d640b484b2247fcaf058dd,repertoires\91f0f482e4d640b484b2247fcaf058dd.tsv
False,rep_70,e6157fa0731c48c6b95fffe4b6fef8f7,repertoires\e6157fa0731c48c6b95fffe4b6fef8f7.tsv
False,rep_71,9f6a6e85cc694fb3827b0233d2d8a6a3,repertoires\9f6a6e85cc694fb3827b0233d2d8a6a3.tsv
False,rep_72,a92ffe10a99345478765c227be2eefaa,repertoires\a92ffe10a99345478765c227be2eefaa.tsv
False,rep_73,2e56eaeceb854913af37917b10c74758,repertoires\2e56eaeceb854913af37917b10c74758.tsv
False,rep_74,5fe3cfada26148fcb52a253e08e1fca7,repertoires\5fe3cfada26148fcb52a253e08e1fca7.tsv
False,rep_75,e98bd26140304b0fa6c76e30b11512a5,repertoires\e98bd26140304b0fa6c76e30b11512a5.tsv
False,rep_76,89eacad3623d490891c8220caed1f369,repertoires\89eacad3623d490891c8220caed1f369.tsv
False,rep_77,a9169c86b2f348449bdfd97b9736446d,repertoires\a9169c86b2f348449bdfd97b9736446d.tsv
False,rep_78,fbff8149975845dbaa4dcb1d4f8e794e,repertoires\fbff8149975845dbaa4dcb1d4f8e794e.tsv
False,rep_79,f390241d76e945e0901cab9d79f5c444,repertoires\f390241d76e945e0901cab9d79f5c444.tsv
False,rep_80,d855f6615ff84d14a198f489a96894ac,repertoires\d855f6615ff84d14a198f489a96894ac.tsv
False,rep_81,704f15635c2a44f18803e2d527005a06,repertoires\704f15635c2a44f18803e2d527005a06.tsv
False,rep_82,a17ec21b5d56473ab00be9826f5a174e,repertoires\a17ec21b5d56473ab00be9826f5a174e.tsv
False,rep_83,9adedd36e4ab4537a45366824c6da0af,repertoires\9adedd36e4ab4537a45366824c6da0af.tsv
False,rep_84,0779461cbb5741a8b3ad5b143f9f47d0,repertoires\0779461cbb5741a8b3ad5b143f9f47d0.tsv
False,rep_85,76d9c8fe1b1442959965c86b6d1a2661,repertoires\76d9c8fe1b1442959965c86b6d1a2661.tsv
False,rep_86,d9e065d3968044b1b9fc80db4de15a80,repertoires\d9e065d3968044b1b9fc80db4de15a80.tsv
False,rep_87,8db42155c49240a99adda25cbabdf57e,repertoires\8db42155c49240a99adda25cbabdf57e.tsv
False,rep_88,9efb26438f07424f86df4dda1537a678,repertoires\9efb26438f07424f86df4dda1537a678.tsv
False,rep_89,6e1fdfb1f08c4567be403b9597c3af4c,repertoires\6e1fdfb1f08c4567be403b9597c3af4c.tsv
False,rep_90,0b8fc440fa6c4c2890d239a7bb9f0b71,repertoires\0b8fc440fa6c4c2890d239a7bb9f0b71.tsv
False,rep_91,2105914ff98c41c88cce379bca948d0e,repertoires\2105914ff98c41c88cce379bca948d0e.tsv
False,rep_92,9c3d5f4a77714089b37674a3682525fe,repertoires\9c3d5f4a77714089b37674a3682525fe.tsv
False,rep_93,d73e1ea4902c4b0e85f48a5e72119f1e,repertoires\d73e1ea4902c4b0e85f48a5e72119f1e.tsv
False,rep_94,aa0804f5d5204f849c6da9d25daae05e,repertoires\aa0804f5d5204f849c6da9d25daae05e.tsv
False,rep_95,ae68359707ba44ada1628f6546f461ba,repertoires\ae68359707ba44ada1628f6546f461ba.tsv
False,rep_96,e533cd6da607438f88b846535b6c0c08,repertoires\e533cd6da607438f88b846535b6c0c08.tsv
False,rep_97,5d28b0c662cf4a8fbb830ba032631652,repertoires\5d28b0c662cf4a8fbb830ba032631652.tsv
False,rep_98,93063c96c8bf4adfbc74cd2d25fdf2df,repertoires\93063c96c8bf4adfbc74cd2d25fdf2df.tsv
False,rep_99,0e61180e312c4c5bada8de576092aa4e,repertoires\0e61180e312c4c5bada8de576092aa4e.tsv
